"LOCATION","INDICATOR","SUBJECT","MEASURE","FREQUENCY","TIME","Value","Flag Codes"
"AUS","GRADRATEFIELD","EDU","PC","A","2016",9.39,
"AUS","GRADRATEFIELD","EDU","PC","A","2017",9.997,
"AUS","GRADRATEFIELD","EDU","PC","A","2018",8.641,
"AUS","GRADRATEFIELD","HEALTH","PC","A","2016",18.182,
"AUS","GRADRATEFIELD","HEALTH","PC","A","2017",18.264,
"AUS","GRADRATEFIELD","HEALTH","PC","A","2018",17.478,
"AUS","GRADRATEFIELD","BUSINESS","PC","A","2016",33.742,
"AUS","GRADRATEFIELD","BUSINESS","PC","A","2017",33.381,
"AUS","GRADRATEFIELD","BUSINESS","PC","A","2018",35.916,
"AUS","GRADRATEFIELD","ENGINEERING","PC","A","2016",8.174,
"AUS","GRADRATEFIELD","ENGINEERING","PC","A","2017",8.278,
"AUS","GRADRATEFIELD","ENGINEERING","PC","A","2018",7.844,
"AUT","GRADRATEFIELD","EDU","PC","A","2016",12.246,
"AUT","GRADRATEFIELD","EDU","PC","A","2017",12.934,
"AUT","GRADRATEFIELD","EDU","PC","A","2018",11.599,
"AUT","GRADRATEFIELD","HEALTH","PC","A","2016",7.351,
"AUT","GRADRATEFIELD","HEALTH","PC","A","2017",7.484,
"AUT","GRADRATEFIELD","HEALTH","PC","A","2018",8.433,
"AUT","GRADRATEFIELD","BUSINESS","PC","A","2016",21.747,
"AUT","GRADRATEFIELD","BUSINESS","PC","A","2017",22.909,
"AUT","GRADRATEFIELD","BUSINESS","PC","A","2018",24.375,
"AUT","GRADRATEFIELD","ENGINEERING","PC","A","2016",20.506,
"AUT","GRADRATEFIELD","ENGINEERING","PC","A","2017",20.128,
"AUT","GRADRATEFIELD","ENGINEERING","PC","A","2018",20.593,
"BEL","GRADRATEFIELD","EDU","PC","A","2016",8.829,
"BEL","GRADRATEFIELD","EDU","PC","A","2017",8.707,
"BEL","GRADRATEFIELD","EDU","PC","A","2018",8.143,
"BEL","GRADRATEFIELD","HEALTH","PC","A","2016",27.303,
"BEL","GRADRATEFIELD","HEALTH","PC","A","2017",28.18,
"BEL","GRADRATEFIELD","HEALTH","PC","A","2018",29.739,
"BEL","GRADRATEFIELD","BUSINESS","PC","A","2016",21.757,
"BEL","GRADRATEFIELD","BUSINESS","PC","A","2017",22.15,
"BEL","GRADRATEFIELD","BUSINESS","PC","A","2018",20.994,
"BEL","GRADRATEFIELD","ENGINEERING","PC","A","2016",11.924,
"BEL","GRADRATEFIELD","ENGINEERING","PC","A","2017",11.63,
"BEL","GRADRATEFIELD","ENGINEERING","PC","A","2018",11.537,
"CAN","GRADRATEFIELD","EDU","PC","A","2016",7.696,
"CAN","GRADRATEFIELD","EDU","PC","A","2017",5.795,
"CAN","GRADRATEFIELD","EDU","PC","A","2018",5.665,
"CAN","GRADRATEFIELD","HEALTH","PC","A","2016",14.168,
"CAN","GRADRATEFIELD","HEALTH","PC","A","2017",14.719,
"CAN","GRADRATEFIELD","HEALTH","PC","A","2018",14.722,
"CAN","GRADRATEFIELD","BUSINESS","PC","A","2016",25.981,
"CAN","GRADRATEFIELD","BUSINESS","PC","A","2017",27.36,
"CAN","GRADRATEFIELD","BUSINESS","PC","A","2018",27.692,
"CAN","GRADRATEFIELD","ENGINEERING","PC","A","2016",12.167,
"CAN","GRADRATEFIELD","ENGINEERING","PC","A","2017",13.091,
"CAN","GRADRATEFIELD","ENGINEERING","PC","A","2018",13.132,
"CZE","GRADRATEFIELD","EDU","PC","A","2016",10.48,
"CZE","GRADRATEFIELD","EDU","PC","A","2017",10.549,
"CZE","GRADRATEFIELD","EDU","PC","A","2018",11.395,
"CZE","GRADRATEFIELD","HEALTH","PC","A","2016",11.531,
"CZE","GRADRATEFIELD","HEALTH","PC","A","2017",12.325,
"CZE","GRADRATEFIELD","HEALTH","PC","A","2018",12.175,
"CZE","GRADRATEFIELD","BUSINESS","PC","A","2016",21.514,
"CZE","GRADRATEFIELD","BUSINESS","PC","A","2017",20.618,
"CZE","GRADRATEFIELD","BUSINESS","PC","A","2018",19.887,
"CZE","GRADRATEFIELD","ENGINEERING","PC","A","2016",15.883,
"CZE","GRADRATEFIELD","ENGINEERING","PC","A","2017",15.935,
"CZE","GRADRATEFIELD","ENGINEERING","PC","A","2018",15.473,
"DNK","GRADRATEFIELD","EDU","PC","A","2016",5.786,
"DNK","GRADRATEFIELD","EDU","PC","A","2017",6.038,
"DNK","GRADRATEFIELD","EDU","PC","A","2018",5.243,
"DNK","GRADRATEFIELD","HEALTH","PC","A","2016",20.335,
"DNK","GRADRATEFIELD","HEALTH","PC","A","2017",20.882,
"DNK","GRADRATEFIELD","HEALTH","PC","A","2018",20.909,
"DNK","GRADRATEFIELD","BUSINESS","PC","A","2016",24.871,
"DNK","GRADRATEFIELD","BUSINESS","PC","A","2017",24.742,
"DNK","GRADRATEFIELD","BUSINESS","PC","A","2018",25.689,
"DNK","GRADRATEFIELD","ENGINEERING","PC","A","2016",10.333,
"DNK","GRADRATEFIELD","ENGINEERING","PC","A","2017",10.965,
"DNK","GRADRATEFIELD","ENGINEERING","PC","A","2018",12.026,
"FIN","GRADRATEFIELD","EDU","PC","A","2016",6.421,
"FIN","GRADRATEFIELD","EDU","PC","A","2017",6.71,
"FIN","GRADRATEFIELD","EDU","PC","A","2018",6.765,
"FIN","GRADRATEFIELD","HEALTH","PC","A","2016",19.705,
"FIN","GRADRATEFIELD","HEALTH","PC","A","2017",21.427,
"FIN","GRADRATEFIELD","HEALTH","PC","A","2018",21.93,
"FIN","GRADRATEFIELD","BUSINESS","PC","A","2016",18.268,
"FIN","GRADRATEFIELD","BUSINESS","PC","A","2017",18.89,
"FIN","GRADRATEFIELD","BUSINESS","PC","A","2018",18.85,
"FIN","GRADRATEFIELD","ENGINEERING","PC","A","2016",17.699,
"FIN","GRADRATEFIELD","ENGINEERING","PC","A","2017",16.163,
"FIN","GRADRATEFIELD","ENGINEERING","PC","A","2018",16.475,
"FRA","GRADRATEFIELD","EDU","PC","A","2016",3.988,
"FRA","GRADRATEFIELD","EDU","PC","A","2017",4.192,
"FRA","GRADRATEFIELD","EDU","PC","A","2018",4.127,
"FRA","GRADRATEFIELD","HEALTH","PC","A","2016",15.435,
"FRA","GRADRATEFIELD","HEALTH","PC","A","2017",14.259,
"FRA","GRADRATEFIELD","HEALTH","PC","A","2018",14.561,
"FRA","GRADRATEFIELD","BUSINESS","PC","A","2016",33.266,
"FRA","GRADRATEFIELD","BUSINESS","PC","A","2017",34.65,
"FRA","GRADRATEFIELD","BUSINESS","PC","A","2018",34.323,
"FRA","GRADRATEFIELD","ENGINEERING","PC","A","2016",14.901,
"FRA","GRADRATEFIELD","ENGINEERING","PC","A","2017",14.861,
"FRA","GRADRATEFIELD","ENGINEERING","PC","A","2018",13.964,
"DEU","GRADRATEFIELD","EDU","PC","A","2016",9.915,
"DEU","GRADRATEFIELD","EDU","PC","A","2017",11.463,
"DEU","GRADRATEFIELD","EDU","PC","A","2018",11.245,
"DEU","GRADRATEFIELD","HEALTH","PC","A","2016",7.341,
"DEU","GRADRATEFIELD","HEALTH","PC","A","2017",7.254,
"DEU","GRADRATEFIELD","HEALTH","PC","A","2018",7.439,
"DEU","GRADRATEFIELD","BUSINESS","PC","A","2016",23.404,
"DEU","GRADRATEFIELD","BUSINESS","PC","A","2017",22.617,
"DEU","GRADRATEFIELD","BUSINESS","PC","A","2018",22.72,
"DEU","GRADRATEFIELD","ENGINEERING","PC","A","2016",22.076,
"DEU","GRADRATEFIELD","ENGINEERING","PC","A","2017",21.672,
"DEU","GRADRATEFIELD","ENGINEERING","PC","A","2018",21.432,
"GRC","GRADRATEFIELD","EDU","PC","A","2016",7.4,
"GRC","GRADRATEFIELD","EDU","PC","A","2017",7.297,
"GRC","GRADRATEFIELD","EDU","PC","A","2018",7.933,
"GRC","GRADRATEFIELD","HEALTH","PC","A","2016",12.182,
"GRC","GRADRATEFIELD","HEALTH","PC","A","2017",11.737,
"GRC","GRADRATEFIELD","HEALTH","PC","A","2018",11.145,
"GRC","GRADRATEFIELD","BUSINESS","PC","A","2016",21.226,
"GRC","GRADRATEFIELD","BUSINESS","PC","A","2017",20.251,
"GRC","GRADRATEFIELD","BUSINESS","PC","A","2018",21.854,
"GRC","GRADRATEFIELD","ENGINEERING","PC","A","2016",16.565,
"GRC","GRADRATEFIELD","ENGINEERING","PC","A","2017",16.915,
"GRC","GRADRATEFIELD","ENGINEERING","PC","A","2018",16.091,
"HUN","GRADRATEFIELD","EDU","PC","A","2016",16.859,
"HUN","GRADRATEFIELD","EDU","PC","A","2017",16.116,
"HUN","GRADRATEFIELD","EDU","PC","A","2018",14.332,
"HUN","GRADRATEFIELD","HEALTH","PC","A","2016",8.458,
"HUN","GRADRATEFIELD","HEALTH","PC","A","2017",7.914,
"HUN","GRADRATEFIELD","HEALTH","PC","A","2018",8.714,
"HUN","GRADRATEFIELD","BUSINESS","PC","A","2016",23.715,
"HUN","GRADRATEFIELD","BUSINESS","PC","A","2017",24.651,
"HUN","GRADRATEFIELD","BUSINESS","PC","A","2018",25.743,
"HUN","GRADRATEFIELD","ENGINEERING","PC","A","2016",14.465,
"HUN","GRADRATEFIELD","ENGINEERING","PC","A","2017",14.658,
"HUN","GRADRATEFIELD","ENGINEERING","PC","A","2018",14.224,
"ISL","GRADRATEFIELD","EDU","PC","A","2016",13.826,
"ISL","GRADRATEFIELD","EDU","PC","A","2017",12.087,
"ISL","GRADRATEFIELD","EDU","PC","A","2018",13.055,
"ISL","GRADRATEFIELD","HEALTH","PC","A","2016",14.68,
"ISL","GRADRATEFIELD","HEALTH","PC","A","2017",16.503,
"ISL","GRADRATEFIELD","HEALTH","PC","A","2018",16.632,
"ISL","GRADRATEFIELD","BUSINESS","PC","A","2016",22.458,
"ISL","GRADRATEFIELD","BUSINESS","PC","A","2017",21.766,
"ISL","GRADRATEFIELD","BUSINESS","PC","A","2018",21.827,
"ISL","GRADRATEFIELD","ENGINEERING","PC","A","2016",9.531,
"ISL","GRADRATEFIELD","ENGINEERING","PC","A","2017",8.921,
"ISL","GRADRATEFIELD","ENGINEERING","PC","A","2018",8.567,
"IRL","GRADRATEFIELD","EDU","PC","A","2016",5.684,
"IRL","GRADRATEFIELD","EDU","PC","A","2017",9.463,
"IRL","GRADRATEFIELD","EDU","PC","A","2018",8.59,
"IRL","GRADRATEFIELD","HEALTH","PC","A","2016",17.105,
"IRL","GRADRATEFIELD","HEALTH","PC","A","2017",16.828,
"IRL","GRADRATEFIELD","HEALTH","PC","A","2018",16.757,
"IRL","GRADRATEFIELD","BUSINESS","PC","A","2016",24.975,
"IRL","GRADRATEFIELD","BUSINESS","PC","A","2017",24.854,
"IRL","GRADRATEFIELD","BUSINESS","PC","A","2018",26.727,
"IRL","GRADRATEFIELD","ENGINEERING","PC","A","2016",10.278,
"IRL","GRADRATEFIELD","ENGINEERING","PC","A","2017",9.254,
"IRL","GRADRATEFIELD","ENGINEERING","PC","A","2018",8.594,
"ITA","GRADRATEFIELD","EDU","PC","A","2016",3.641,
"ITA","GRADRATEFIELD","EDU","PC","A","2017",4.463,
"ITA","GRADRATEFIELD","EDU","PC","A","2018",6.976,
"ITA","GRADRATEFIELD","HEALTH","PC","A","2016",15.161,
"ITA","GRADRATEFIELD","HEALTH","PC","A","2017",14.651,
"ITA","GRADRATEFIELD","HEALTH","PC","A","2018",14.562,
"ITA","GRADRATEFIELD","BUSINESS","PC","A","2016",21.349,
"ITA","GRADRATEFIELD","BUSINESS","PC","A","2017",21.142,
"ITA","GRADRATEFIELD","BUSINESS","PC","A","2018",17.734,
"ITA","GRADRATEFIELD","ENGINEERING","PC","A","2016",16.397,
"ITA","GRADRATEFIELD","ENGINEERING","PC","A","2017",16.553,
"ITA","GRADRATEFIELD","ENGINEERING","PC","A","2018",15.437,
"JPN","GRADRATEFIELD","EDU","PC","A","2016",9.62,
"JPN","GRADRATEFIELD","EDU","PC","A","2017",9.036,
"JPN","GRADRATEFIELD","EDU","PC","A","2018",8.957,
"JPN","GRADRATEFIELD","HEALTH","PC","A","2016",15.681,
"JPN","GRADRATEFIELD","HEALTH","PC","A","2017",15.74,
"JPN","GRADRATEFIELD","HEALTH","PC","A","2018",15.944,
"JPN","GRADRATEFIELD","BUSINESS","PC","A","2016",19.748,
"JPN","GRADRATEFIELD","BUSINESS","PC","A","2017",20.018,
"JPN","GRADRATEFIELD","BUSINESS","PC","A","2018",19.91,
"JPN","GRADRATEFIELD","ENGINEERING","PC","A","2016",17.775,
"JPN","GRADRATEFIELD","ENGINEERING","PC","A","2017",18.251,
"JPN","GRADRATEFIELD","ENGINEERING","PC","A","2018",18.445,
"KOR","GRADRATEFIELD","EDU","PC","A","2016",7.156,
"KOR","GRADRATEFIELD","EDU","PC","A","2017",7.238,
"KOR","GRADRATEFIELD","EDU","PC","A","2018",7.407,
"KOR","GRADRATEFIELD","HEALTH","PC","A","2016",14.488,
"KOR","GRADRATEFIELD","HEALTH","PC","A","2017",15.497,
"KOR","GRADRATEFIELD","HEALTH","PC","A","2018",15.8,
"KOR","GRADRATEFIELD","BUSINESS","PC","A","2016",15.611,
"KOR","GRADRATEFIELD","BUSINESS","PC","A","2017",15.077,
"KOR","GRADRATEFIELD","BUSINESS","PC","A","2018",14.841,
"KOR","GRADRATEFIELD","ENGINEERING","PC","A","2016",22.239,
"KOR","GRADRATEFIELD","ENGINEERING","PC","A","2017",20.324,
"KOR","GRADRATEFIELD","ENGINEERING","PC","A","2018",20.295,
"LUX","GRADRATEFIELD","EDU","PC","A","2016",8.799,
"LUX","GRADRATEFIELD","EDU","PC","A","2017",7.494,
"LUX","GRADRATEFIELD","EDU","PC","A","2018",10.097,
"LUX","GRADRATEFIELD","HEALTH","PC","A","2016",6.421,
"LUX","GRADRATEFIELD","HEALTH","PC","A","2017",7.323,
"LUX","GRADRATEFIELD","HEALTH","PC","A","2018",6.788,
"LUX","GRADRATEFIELD","BUSINESS","PC","A","2016",40.071,
"LUX","GRADRATEFIELD","BUSINESS","PC","A","2017",43.822,
"LUX","GRADRATEFIELD","BUSINESS","PC","A","2018",42.499,
"LUX","GRADRATEFIELD","ENGINEERING","PC","A","2016",6.599,
"LUX","GRADRATEFIELD","ENGINEERING","PC","A","2017",7.666,
"LUX","GRADRATEFIELD","ENGINEERING","PC","A","2018",7.188,
"MEX","GRADRATEFIELD","EDU","PC","A","2016",13.785,
"MEX","GRADRATEFIELD","EDU","PC","A","2017",13.066,
"MEX","GRADRATEFIELD","EDU","PC","A","2018",11.231,
"MEX","GRADRATEFIELD","HEALTH","PC","A","2016",9.686,
"MEX","GRADRATEFIELD","HEALTH","PC","A","2017",10.961,
"MEX","GRADRATEFIELD","HEALTH","PC","A","2018",11.47,
"MEX","GRADRATEFIELD","BUSINESS","PC","A","2016",35.154,
"MEX","GRADRATEFIELD","BUSINESS","PC","A","2017",33.206,
"MEX","GRADRATEFIELD","BUSINESS","PC","A","2018",33.607,
"MEX","GRADRATEFIELD","ENGINEERING","PC","A","2016",21.314,
"MEX","GRADRATEFIELD","ENGINEERING","PC","A","2017",17.452,
"MEX","GRADRATEFIELD","ENGINEERING","PC","A","2018",18.301,
"NLD","GRADRATEFIELD","EDU","PC","A","2016",,"M"
"NLD","GRADRATEFIELD","EDU","PC","A","2017",9.827,
"NLD","GRADRATEFIELD","EDU","PC","A","2018",9.678,
"NLD","GRADRATEFIELD","HEALTH","PC","A","2016",,"M"
"NLD","GRADRATEFIELD","HEALTH","PC","A","2017",17.13,
"NLD","GRADRATEFIELD","HEALTH","PC","A","2018",17.117,
"NLD","GRADRATEFIELD","BUSINESS","PC","A","2016",,"M"
"NLD","GRADRATEFIELD","BUSINESS","PC","A","2017",27.49,
"NLD","GRADRATEFIELD","BUSINESS","PC","A","2018",27.252,
"NLD","GRADRATEFIELD","ENGINEERING","PC","A","2016",,"M"
"NLD","GRADRATEFIELD","ENGINEERING","PC","A","2017",8.068,
"NLD","GRADRATEFIELD","ENGINEERING","PC","A","2018",8.255,
"NZL","GRADRATEFIELD","EDU","PC","A","2016",9.709,
"NZL","GRADRATEFIELD","EDU","PC","A","2017",10.317,
"NZL","GRADRATEFIELD","EDU","PC","A","2018",9.979,
"NZL","GRADRATEFIELD","HEALTH","PC","A","2016",15.475,
"NZL","GRADRATEFIELD","HEALTH","PC","A","2017",15.219,
"NZL","GRADRATEFIELD","HEALTH","PC","A","2018",14.801,
"NZL","GRADRATEFIELD","BUSINESS","PC","A","2016",25.834,
"NZL","GRADRATEFIELD","BUSINESS","PC","A","2017",24.668,
"NZL","GRADRATEFIELD","BUSINESS","PC","A","2018",24.057,
"NZL","GRADRATEFIELD","ENGINEERING","PC","A","2016",7.945,
"NZL","GRADRATEFIELD","ENGINEERING","PC","A","2017",8.529,
"NZL","GRADRATEFIELD","ENGINEERING","PC","A","2018",9.056,
"NOR","GRADRATEFIELD","EDU","PC","A","2016",16.601,
"NOR","GRADRATEFIELD","EDU","PC","A","2017",15.805,
"NOR","GRADRATEFIELD","EDU","PC","A","2018",16.315,
"NOR","GRADRATEFIELD","HEALTH","PC","A","2016",20.59,
"NOR","GRADRATEFIELD","HEALTH","PC","A","2017",19.29,
"NOR","GRADRATEFIELD","HEALTH","PC","A","2018",19.826,
"NOR","GRADRATEFIELD","BUSINESS","PC","A","2016",16.115,
"NOR","GRADRATEFIELD","BUSINESS","PC","A","2017",18.578,
"NOR","GRADRATEFIELD","BUSINESS","PC","A","2018",17.062,
"NOR","GRADRATEFIELD","ENGINEERING","PC","A","2016",12.642,
"NOR","GRADRATEFIELD","ENGINEERING","PC","A","2017",13.584,
"NOR","GRADRATEFIELD","ENGINEERING","PC","A","2018",13.432,
"POL","GRADRATEFIELD","EDU","PC","A","2016",13.587,
"POL","GRADRATEFIELD","EDU","PC","A","2017",13.343,
"POL","GRADRATEFIELD","EDU","PC","A","2018",20.622,
"POL","GRADRATEFIELD","HEALTH","PC","A","2016",12.85,
"POL","GRADRATEFIELD","HEALTH","PC","A","2017",13.293,
"POL","GRADRATEFIELD","HEALTH","PC","A","2018",8.938,
"POL","GRADRATEFIELD","BUSINESS","PC","A","2016",24.297,
"POL","GRADRATEFIELD","BUSINESS","PC","A","2017",24.361,
"POL","GRADRATEFIELD","BUSINESS","PC","A","2018",23.525,
"POL","GRADRATEFIELD","ENGINEERING","PC","A","2016",15.623,
"POL","GRADRATEFIELD","ENGINEERING","PC","A","2017",15.825,
"POL","GRADRATEFIELD","ENGINEERING","PC","A","2018",14.583,
"PRT","GRADRATEFIELD","EDU","PC","A","2016",5.284,
"PRT","GRADRATEFIELD","EDU","PC","A","2017",4.807,
"PRT","GRADRATEFIELD","EDU","PC","A","2018",4.418,
"PRT","GRADRATEFIELD","HEALTH","PC","A","2016",18.21,
"PRT","GRADRATEFIELD","HEALTH","PC","A","2017",17.417,
"PRT","GRADRATEFIELD","HEALTH","PC","A","2018",17.507,
"PRT","GRADRATEFIELD","BUSINESS","PC","A","2016",19.085,
"PRT","GRADRATEFIELD","BUSINESS","PC","A","2017",19.368,
"PRT","GRADRATEFIELD","BUSINESS","PC","A","2018",20.271,
"PRT","GRADRATEFIELD","ENGINEERING","PC","A","2016",21.276,
"PRT","GRADRATEFIELD","ENGINEERING","PC","A","2017",20.914,
"PRT","GRADRATEFIELD","ENGINEERING","PC","A","2018",19.591,
"SVK","GRADRATEFIELD","EDU","PC","A","2016",13.129,
"SVK","GRADRATEFIELD","EDU","PC","A","2017",12.777,
"SVK","GRADRATEFIELD","EDU","PC","A","2018",13.657,
"SVK","GRADRATEFIELD","HEALTH","PC","A","2016",17.761,
"SVK","GRADRATEFIELD","HEALTH","PC","A","2017",18.178,
"SVK","GRADRATEFIELD","HEALTH","PC","A","2018",16.511,
"SVK","GRADRATEFIELD","BUSINESS","PC","A","2016",20.334,
"SVK","GRADRATEFIELD","BUSINESS","PC","A","2017",20.378,
"SVK","GRADRATEFIELD","BUSINESS","PC","A","2018",20.069,
"SVK","GRADRATEFIELD","ENGINEERING","PC","A","2016",12.431,
"SVK","GRADRATEFIELD","ENGINEERING","PC","A","2017",12.127,
"SVK","GRADRATEFIELD","ENGINEERING","PC","A","2018",12.434,
"ESP","GRADRATEFIELD","EDU","PC","A","2016",16.542,
"ESP","GRADRATEFIELD","EDU","PC","A","2017",16.401,
"ESP","GRADRATEFIELD","EDU","PC","A","2018",17.03,
"ESP","GRADRATEFIELD","HEALTH","PC","A","2016",15.999,
"ESP","GRADRATEFIELD","HEALTH","PC","A","2017",16.389,
"ESP","GRADRATEFIELD","HEALTH","PC","A","2018",16.818,
"ESP","GRADRATEFIELD","BUSINESS","PC","A","2016",18.642,
"ESP","GRADRATEFIELD","BUSINESS","PC","A","2017",18.928,
"ESP","GRADRATEFIELD","BUSINESS","PC","A","2018",19.343,
"ESP","GRADRATEFIELD","ENGINEERING","PC","A","2016",14.876,
"ESP","GRADRATEFIELD","ENGINEERING","PC","A","2017",14.225,
"ESP","GRADRATEFIELD","ENGINEERING","PC","A","2018",13.161,
"SWE","GRADRATEFIELD","EDU","PC","A","2016",12.216,
"SWE","GRADRATEFIELD","EDU","PC","A","2017",12.227,
"SWE","GRADRATEFIELD","EDU","PC","A","2018",12.989,
"SWE","GRADRATEFIELD","HEALTH","PC","A","2016",22.179,
"SWE","GRADRATEFIELD","HEALTH","PC","A","2017",23.056,
"SWE","GRADRATEFIELD","HEALTH","PC","A","2018",23.242,
"SWE","GRADRATEFIELD","BUSINESS","PC","A","2016",17.12,
"SWE","GRADRATEFIELD","BUSINESS","PC","A","2017",16.186,
"SWE","GRADRATEFIELD","BUSINESS","PC","A","2018",16.417,
"SWE","GRADRATEFIELD","ENGINEERING","PC","A","2016",18.319,
"SWE","GRADRATEFIELD","ENGINEERING","PC","A","2017",18.807,
"SWE","GRADRATEFIELD","ENGINEERING","PC","A","2018",18.278,
"CHE","GRADRATEFIELD","EDU","PC","A","2016",9.975,
"CHE","GRADRATEFIELD","EDU","PC","A","2017",9.655,
"CHE","GRADRATEFIELD","EDU","PC","A","2018",9.773,
"CHE","GRADRATEFIELD","HEALTH","PC","A","2016",14.867,
"CHE","GRADRATEFIELD","HEALTH","PC","A","2017",15.51,
"CHE","GRADRATEFIELD","HEALTH","PC","A","2018",15.468,
"CHE","GRADRATEFIELD","BUSINESS","PC","A","2016",28.763,
"CHE","GRADRATEFIELD","BUSINESS","PC","A","2017",28.566,
"CHE","GRADRATEFIELD","BUSINESS","PC","A","2018",28.497,
"CHE","GRADRATEFIELD","ENGINEERING","PC","A","2016",15.704,
"CHE","GRADRATEFIELD","ENGINEERING","PC","A","2017",15.838,
"CHE","GRADRATEFIELD","ENGINEERING","PC","A","2018",15.841,
"TUR","GRADRATEFIELD","EDU","PC","A","2016",9.604,
"TUR","GRADRATEFIELD","EDU","PC","A","2017",9.544,
"TUR","GRADRATEFIELD","EDU","PC","A","2018",9.281,
"TUR","GRADRATEFIELD","HEALTH","PC","A","2016",10.084,
"TUR","GRADRATEFIELD","HEALTH","PC","A","2017",12.34,
"TUR","GRADRATEFIELD","HEALTH","PC","A","2018",12.831,
"TUR","GRADRATEFIELD","BUSINESS","PC","A","2016",34.558,
"TUR","GRADRATEFIELD","BUSINESS","PC","A","2017",31.396,
"TUR","GRADRATEFIELD","BUSINESS","PC","A","2018",30.806,
"TUR","GRADRATEFIELD","ENGINEERING","PC","A","2016",14.222,
"TUR","GRADRATEFIELD","ENGINEERING","PC","A","2017",15.233,
"TUR","GRADRATEFIELD","ENGINEERING","PC","A","2018",15.326,
"GBR","GRADRATEFIELD","EDU","PC","A","2016",9.253,
"GBR","GRADRATEFIELD","EDU","PC","A","2017",8.743,
"GBR","GRADRATEFIELD","EDU","PC","A","2018",8.262,
"GBR","GRADRATEFIELD","HEALTH","PC","A","2016",13.433,
"GBR","GRADRATEFIELD","HEALTH","PC","A","2017",14.252,
"GBR","GRADRATEFIELD","HEALTH","PC","A","2018",14.691,
"GBR","GRADRATEFIELD","BUSINESS","PC","A","2016",22.043,
"GBR","GRADRATEFIELD","BUSINESS","PC","A","2017",22.07,
"GBR","GRADRATEFIELD","BUSINESS","PC","A","2018",22.249,
"GBR","GRADRATEFIELD","ENGINEERING","PC","A","2016",9.138,
"GBR","GRADRATEFIELD","ENGINEERING","PC","A","2017",9.083,
"GBR","GRADRATEFIELD","ENGINEERING","PC","A","2018",9.065,
"USA","GRADRATEFIELD","EDU","PC","A","2016",6.752,
"USA","GRADRATEFIELD","EDU","PC","A","2017",6.619,
"USA","GRADRATEFIELD","EDU","PC","A","2018",6.495,
"USA","GRADRATEFIELD","HEALTH","PC","A","2016",17.01,
"USA","GRADRATEFIELD","HEALTH","PC","A","2017",17.165,
"USA","GRADRATEFIELD","HEALTH","PC","A","2018",17.266,
"USA","GRADRATEFIELD","BUSINESS","PC","A","2016",19.304,
"USA","GRADRATEFIELD","BUSINESS","PC","A","2017",19.124,
"USA","GRADRATEFIELD","BUSINESS","PC","A","2018",19.079,
"USA","GRADRATEFIELD","ENGINEERING","PC","A","2016",6.929,
"USA","GRADRATEFIELD","ENGINEERING","PC","A","2017",7.174,
"USA","GRADRATEFIELD","ENGINEERING","PC","A","2018",7.24,
"ARG","GRADRATEFIELD","EDU","PC","A","2016",,"M"
"ARG","GRADRATEFIELD","EDU","PC","A","2017",,"M"
"ARG","GRADRATEFIELD","HEALTH","PC","A","2016",,"M"
"ARG","GRADRATEFIELD","HEALTH","PC","A","2017",,"M"
"ARG","GRADRATEFIELD","BUSINESS","PC","A","2016",,"M"
"ARG","GRADRATEFIELD","BUSINESS","PC","A","2017",,"M"
"ARG","GRADRATEFIELD","ENGINEERING","PC","A","2016",,"M"
"ARG","GRADRATEFIELD","ENGINEERING","PC","A","2017",,"M"
"BRA","GRADRATEFIELD","EDU","PC","A","2016",19.699,
"BRA","GRADRATEFIELD","EDU","PC","A","2017",20.346,
"BRA","GRADRATEFIELD","EDU","PC","A","2018",19.106,
"BRA","GRADRATEFIELD","HEALTH","PC","A","2016",13.944,
"BRA","GRADRATEFIELD","HEALTH","PC","A","2017",14.683,
"BRA","GRADRATEFIELD","HEALTH","PC","A","2018",16.319,
"BRA","GRADRATEFIELD","BUSINESS","PC","A","2016",35.564,
"BRA","GRADRATEFIELD","BUSINESS","PC","A","2017",33.488,
"BRA","GRADRATEFIELD","BUSINESS","PC","A","2018",32.483,
"BRA","GRADRATEFIELD","ENGINEERING","PC","A","2016",11.009,
"BRA","GRADRATEFIELD","ENGINEERING","PC","A","2017",11.964,
"BRA","GRADRATEFIELD","ENGINEERING","PC","A","2018",13.044,
"CHL","GRADRATEFIELD","EDU","PC","A","2016",15.054,
"CHL","GRADRATEFIELD","EDU","PC","A","2017",14.96,
"CHL","GRADRATEFIELD","EDU","PC","A","2018",14.069,
"CHL","GRADRATEFIELD","HEALTH","PC","A","2016",21.461,
"CHL","GRADRATEFIELD","HEALTH","PC","A","2017",21.667,
"CHL","GRADRATEFIELD","HEALTH","PC","A","2018",22.402,
"CHL","GRADRATEFIELD","BUSINESS","PC","A","2016",24.473,
"CHL","GRADRATEFIELD","BUSINESS","PC","A","2017",24.041,
"CHL","GRADRATEFIELD","BUSINESS","PC","A","2018",24.62,
"CHL","GRADRATEFIELD","ENGINEERING","PC","A","2016",15.53,
"CHL","GRADRATEFIELD","ENGINEERING","PC","A","2017",16.267,
"CHL","GRADRATEFIELD","ENGINEERING","PC","A","2018",16.759,
"CHN","GRADRATEFIELD","EDU","PC","A","2016",,"M"
"CHN","GRADRATEFIELD","EDU","PC","A","2017",,"M"
"CHN","GRADRATEFIELD","EDU","PC","A","2018",,"M"
"CHN","GRADRATEFIELD","HEALTH","PC","A","2016",,"M"
"CHN","GRADRATEFIELD","HEALTH","PC","A","2017",,"M"
"CHN","GRADRATEFIELD","HEALTH","PC","A","2018",,"M"
"CHN","GRADRATEFIELD","BUSINESS","PC","A","2016",,"M"
"CHN","GRADRATEFIELD","BUSINESS","PC","A","2017",,"M"
"CHN","GRADRATEFIELD","BUSINESS","PC","A","2018",,"M"
"CHN","GRADRATEFIELD","ENGINEERING","PC","A","2016",,"M"
"CHN","GRADRATEFIELD","ENGINEERING","PC","A","2017",,"M"
"CHN","GRADRATEFIELD","ENGINEERING","PC","A","2018",,"M"
"COL","GRADRATEFIELD","EDU","PC","A","2016",8.193,
"COL","GRADRATEFIELD","EDU","PC","A","2017",32.458,
"COL","GRADRATEFIELD","EDU","PC","A","2018",8.393,
"COL","GRADRATEFIELD","HEALTH","PC","A","2016",6.765,
"COL","GRADRATEFIELD","HEALTH","PC","A","2017",19.951,
"COL","GRADRATEFIELD","HEALTH","PC","A","2018",6.409,
"COL","GRADRATEFIELD","BUSINESS","PC","A","2016",45.927,
"COL","GRADRATEFIELD","BUSINESS","PC","A","2017",22.391,
"COL","GRADRATEFIELD","BUSINESS","PC","A","2018",45.968,
"COL","GRADRATEFIELD","ENGINEERING","PC","A","2016",16.729,
"COL","GRADRATEFIELD","ENGINEERING","PC","A","2017",10.711,
"COL","GRADRATEFIELD","ENGINEERING","PC","A","2018",16.922,
"CRI","GRADRATEFIELD","EDU","PC","A","2016",21.733,
"CRI","GRADRATEFIELD","EDU","PC","A","2017",21.384,
"CRI","GRADRATEFIELD","EDU","PC","A","2018",21.736,
"CRI","GRADRATEFIELD","HEALTH","PC","A","2016",14.244,
"CRI","GRADRATEFIELD","HEALTH","PC","A","2017",14.648,
"CRI","GRADRATEFIELD","HEALTH","PC","A","2018",13.835,
"CRI","GRADRATEFIELD","BUSINESS","PC","A","2016",36.09,
"CRI","GRADRATEFIELD","BUSINESS","PC","A","2017",35.605,
"CRI","GRADRATEFIELD","BUSINESS","PC","A","2018",36.676,
"CRI","GRADRATEFIELD","ENGINEERING","PC","A","2016",7.009,
"CRI","GRADRATEFIELD","ENGINEERING","PC","A","2017",7.505,
"CRI","GRADRATEFIELD","ENGINEERING","PC","A","2018",7.509,
"EST","GRADRATEFIELD","EDU","PC","A","2016",7.601,
"EST","GRADRATEFIELD","EDU","PC","A","2017",6.829,
"EST","GRADRATEFIELD","EDU","PC","A","2018",7.29,
"EST","GRADRATEFIELD","HEALTH","PC","A","2016",11.733,
"EST","GRADRATEFIELD","HEALTH","PC","A","2017",13,
"EST","GRADRATEFIELD","HEALTH","PC","A","2018",12.518,
"EST","GRADRATEFIELD","BUSINESS","PC","A","2016",24.04,
"EST","GRADRATEFIELD","BUSINESS","PC","A","2017",23.212,
"EST","GRADRATEFIELD","BUSINESS","PC","A","2018",22.786,
"EST","GRADRATEFIELD","ENGINEERING","PC","A","2016",14.188,
"EST","GRADRATEFIELD","ENGINEERING","PC","A","2017",14.952,
"EST","GRADRATEFIELD","ENGINEERING","PC","A","2018",14.751,
"IND","GRADRATEFIELD","EDU","PC","A","2016",9.122,
"IND","GRADRATEFIELD","EDU","PC","A","2017",7.162,
"IND","GRADRATEFIELD","EDU","PC","A","2018",8.05,
"IND","GRADRATEFIELD","HEALTH","PC","A","2016",3.239,
"IND","GRADRATEFIELD","HEALTH","PC","A","2017",3.34,
"IND","GRADRATEFIELD","HEALTH","PC","A","2018",3.481,
"IND","GRADRATEFIELD","BUSINESS","PC","A","2016",17.778,
"IND","GRADRATEFIELD","BUSINESS","PC","A","2017",18.966,
"IND","GRADRATEFIELD","BUSINESS","PC","A","2018",19.012,
"IND","GRADRATEFIELD","ENGINEERING","PC","A","2016",11.737,
"IND","GRADRATEFIELD","ENGINEERING","PC","A","2017",12.133,
"IND","GRADRATEFIELD","ENGINEERING","PC","A","2018",11.667,
"IDN","GRADRATEFIELD","EDU","PC","A","2017",26.617,
"IDN","GRADRATEFIELD","EDU","PC","A","2018",23.924,
"IDN","GRADRATEFIELD","HEALTH","PC","A","2017",17.082,
"IDN","GRADRATEFIELD","HEALTH","PC","A","2018",16.082,
"IDN","GRADRATEFIELD","BUSINESS","PC","A","2017",16.897,
"IDN","GRADRATEFIELD","BUSINESS","PC","A","2018",18.315,
"IDN","GRADRATEFIELD","ENGINEERING","PC","A","2017",7.165,
"IDN","GRADRATEFIELD","ENGINEERING","PC","A","2018",7.869,
"ISR","GRADRATEFIELD","EDU","PC","A","2016",,"M"
"ISR","GRADRATEFIELD","EDU","PC","A","2017",,"M"
"ISR","GRADRATEFIELD","EDU","PC","A","2018",,"M"
"ISR","GRADRATEFIELD","HEALTH","PC","A","2016",,"M"
"ISR","GRADRATEFIELD","HEALTH","PC","A","2017",,"M"
"ISR","GRADRATEFIELD","HEALTH","PC","A","2018",,"M"
"ISR","GRADRATEFIELD","BUSINESS","PC","A","2016",,"M"
"ISR","GRADRATEFIELD","BUSINESS","PC","A","2017",,"M"
"ISR","GRADRATEFIELD","BUSINESS","PC","A","2018",,"M"
"ISR","GRADRATEFIELD","ENGINEERING","PC","A","2016",,"M"
"ISR","GRADRATEFIELD","ENGINEERING","PC","A","2017",,"M"
"ISR","GRADRATEFIELD","ENGINEERING","PC","A","2018",,"M"
"LVA","GRADRATEFIELD","EDU","PC","A","2016",7.363,
"LVA","GRADRATEFIELD","EDU","PC","A","2017",4.141,
"LVA","GRADRATEFIELD","EDU","PC","A","2018",7.72,
"LVA","GRADRATEFIELD","HEALTH","PC","A","2016",14.257,
"LVA","GRADRATEFIELD","HEALTH","PC","A","2017",17.07,
"LVA","GRADRATEFIELD","HEALTH","PC","A","2018",17.484,
"LVA","GRADRATEFIELD","BUSINESS","PC","A","2016",30.647,
"LVA","GRADRATEFIELD","BUSINESS","PC","A","2017",30.52,
"LVA","GRADRATEFIELD","BUSINESS","PC","A","2018",28.471,
"LVA","GRADRATEFIELD","ENGINEERING","PC","A","2016",12.56,
"LVA","GRADRATEFIELD","ENGINEERING","PC","A","2017",12.785,
"LVA","GRADRATEFIELD","ENGINEERING","PC","A","2018",12.745,
"LTU","GRADRATEFIELD","EDU","PC","A","2016",6.539,
"LTU","GRADRATEFIELD","EDU","PC","A","2017",6.173,
"LTU","GRADRATEFIELD","EDU","PC","A","2018",5.947,
"LTU","GRADRATEFIELD","HEALTH","PC","A","2016",14.207,
"LTU","GRADRATEFIELD","HEALTH","PC","A","2017",16.974,
"LTU","GRADRATEFIELD","HEALTH","PC","A","2018",18.048,
"LTU","GRADRATEFIELD","BUSINESS","PC","A","2016",30.176,
"LTU","GRADRATEFIELD","BUSINESS","PC","A","2017",27.294,
"LTU","GRADRATEFIELD","BUSINESS","PC","A","2018",25.559,
"LTU","GRADRATEFIELD","ENGINEERING","PC","A","2016",17.532,
"LTU","GRADRATEFIELD","ENGINEERING","PC","A","2017",18.913,
"LTU","GRADRATEFIELD","ENGINEERING","PC","A","2018",19.441,
"RUS","GRADRATEFIELD","EDU","PC","A","2016",7.345,
"RUS","GRADRATEFIELD","EDU","PC","A","2017",5.622,
"RUS","GRADRATEFIELD","EDU","PC","A","2018",8.334,
"RUS","GRADRATEFIELD","HEALTH","PC","A","2016",6.106,
"RUS","GRADRATEFIELD","HEALTH","PC","A","2017",6.772,
"RUS","GRADRATEFIELD","HEALTH","PC","A","2018",7.625,
"RUS","GRADRATEFIELD","BUSINESS","PC","A","2016",33.149,
"RUS","GRADRATEFIELD","BUSINESS","PC","A","2017",31.304,
"RUS","GRADRATEFIELD","BUSINESS","PC","A","2018",27.262,
"RUS","GRADRATEFIELD","ENGINEERING","PC","A","2016",22.933,
"RUS","GRADRATEFIELD","ENGINEERING","PC","A","2017",22.572,
"RUS","GRADRATEFIELD","ENGINEERING","PC","A","2018",23.115,
"SAU","GRADRATEFIELD","EDU","PC","A","2016",14.745,
"SAU","GRADRATEFIELD","EDU","PC","A","2017",10.909,
"SAU","GRADRATEFIELD","EDU","PC","A","2018",13.35,
"SAU","GRADRATEFIELD","HEALTH","PC","A","2016",6.768,
"SAU","GRADRATEFIELD","HEALTH","PC","A","2017",5.893,
"SAU","GRADRATEFIELD","HEALTH","PC","A","2018",6.216,
"SAU","GRADRATEFIELD","BUSINESS","PC","A","2016",20.932,
"SAU","GRADRATEFIELD","BUSINESS","PC","A","2017",24.516,
"SAU","GRADRATEFIELD","BUSINESS","PC","A","2018",29.705,
"SAU","GRADRATEFIELD","ENGINEERING","PC","A","2016",7.679,
"SAU","GRADRATEFIELD","ENGINEERING","PC","A","2017",6.788,
"SAU","GRADRATEFIELD","ENGINEERING","PC","A","2018",7.957,
"SVN","GRADRATEFIELD","EDU","PC","A","2016",11.151,
"SVN","GRADRATEFIELD","EDU","PC","A","2017",11.213,
"SVN","GRADRATEFIELD","EDU","PC","A","2018",11.133,
"SVN","GRADRATEFIELD","HEALTH","PC","A","2016",8.361,
"SVN","GRADRATEFIELD","HEALTH","PC","A","2017",12.498,
"SVN","GRADRATEFIELD","HEALTH","PC","A","2018",12.11,
"SVN","GRADRATEFIELD","BUSINESS","PC","A","2016",23.247,
"SVN","GRADRATEFIELD","BUSINESS","PC","A","2017",20.343,
"SVN","GRADRATEFIELD","BUSINESS","PC","A","2018",20.48,
"SVN","GRADRATEFIELD","ENGINEERING","PC","A","2016",16.957,
"SVN","GRADRATEFIELD","ENGINEERING","PC","A","2017",16.557,
"SVN","GRADRATEFIELD","ENGINEERING","PC","A","2018",17.158,
"ZAF","GRADRATEFIELD","EDU","PC","A","2016",19.426,
"ZAF","GRADRATEFIELD","EDU","PC","A","2017",19.334,
"ZAF","GRADRATEFIELD","HEALTH","PC","A","2016",6.715,
"ZAF","GRADRATEFIELD","HEALTH","PC","A","2017",6.702,
"ZAF","GRADRATEFIELD","BUSINESS","PC","A","2016",33.174,
"ZAF","GRADRATEFIELD","BUSINESS","PC","A","2017",32.287,
"ZAF","GRADRATEFIELD","ENGINEERING","PC","A","2016",8.276,
"ZAF","GRADRATEFIELD","ENGINEERING","PC","A","2017",8.102,
